{"jsonDates":["{\"key\":9,\"name\":\"beach_ball\",\"position\":{\"x\":-4.866623401641846,\"y\":2.3273494243621828},\"rotation\":{\"x\":0.0,\"y\":0.0,\"z\":-0.9876986742019653,\"w\":0.1563694328069687},\"velocity\":{\"x\":-0.07985813170671463,\"y\":0.035097479820251468},\"angularVelocity\":18.200937271118165}","{\"key\":9,\"name\":\"beach_ball (1)\",\"position\":{\"x\":-5.677923679351807,\"y\":1.2229444980621338},\"rotation\":{\"x\":0.0,\"y\":0.0,\"z\":0.3717099130153656,\"w\":0.9283488988876343},\"velocity\":{\"x\":7.130438461899757e-10,\"y\":0.0008465548744425178},\"angularVelocity\":0.8517552018165588}","{\"key\":9,\"name\":\"beach_ball (2)\",\"position\":{\"x\":-4.35421085357666,\"y\":2.6814045906066896},\"rotation\":{\"x\":0.0,\"y\":0.0,\"z\":0.93406081199646,\"w\":-0.3571139872074127},\"velocity\":{\"x\":-0.05309920758008957,\"y\":-0.00004179470852250233},\"angularVelocity\":-26.801713943481447}","{\"key\":9,\"name\":\"beach_ball (3)\",\"position\":{\"x\":-3.179018497467041,\"y\":-0.14373022317886353},\"rotation\":{\"x\":0.0,\"y\":0.0,\"z\":-0.5747667551040649,\"w\":-0.8183173537254334},\"velocity\":{\"x\":0.009852646850049496,\"y\":-0.062389083206653598},\"angularVelocity\":8.14415168762207}","{\"key\":9,\"name\":\"beach_ball (4)\",\"position\":{\"x\":-2.9124603271484377,\"y\":1.3372029066085816},\"rotation\":{\"x\":0.0,\"y\":0.0,\"z\":0.3804612159729004,\"w\":-0.9247968792915344},\"velocity\":{\"x\":-0.14391003549098969,\"y\":0.3665304183959961},\"angularVelocity\":-38.11263656616211}","{\"key\":9,\"name\":\"beach_ball (5)\",\"position\":{\"x\":-3.139615058898926,\"y\":-0.7672174572944641},\"rotation\":{\"x\":0.0,\"y\":0.0,\"z\":-0.34343376755714419,\"w\":0.9391769170761108},\"velocity\":{\"x\":-0.00031118205515667796,\"y\":-0.007800450082868338},\"angularVelocity\":-2.441676378250122}","{\"key\":9,\"name\":\"beach_ball (6)\",\"position\":{\"x\":-4.264747619628906,\"y\":0.8021695017814636},\"rotation\":{\"x\":0.0,\"y\":0.0,\"z\":-0.7571665048599243,\"w\":-0.6532220244407654},\"velocity\":{\"x\":-0.2461860477924347,\"y\":-0.7923467755317688},\"angularVelocity\":-115.78352355957031}","{\"key\":9,\"name\":\"beach_ball (7)\",\"position\":{\"x\":-2.320732593536377,\"y\":0.9221754670143127},\"rotation\":{\"x\":0.0,\"y\":0.0,\"z\":-0.8096482157707214,\"w\":-0.5869154930114746},\"velocity\":{\"x\":-9.482394869309019e-10,\"y\":0.1575215607881546},\"angularVelocity\":-76.1586685180664}","{\"key\":9,\"name\":\"beach_ball (8)\",\"position\":{\"x\":-2.322222948074341,\"y\":1.563846230506897},\"rotation\":{\"x\":0.0,\"y\":0.0,\"z\":-0.614721417427063,\"w\":-0.7887443900108337},\"velocity\":{\"x\":0.0,\"y\":0.1274503916501999},\"angularVelocity\":-14.126481056213379}","{\"key\":9,\"name\":\"beach_ball (9)\",\"position\":{\"x\":-3.745272397994995,\"y\":2.5567076206207277},\"rotation\":{\"x\":0.0,\"y\":0.0,\"z\":-0.4776870012283325,\"w\":0.8785301446914673},\"velocity\":{\"x\":-0.053486619144678119,\"y\":-0.0018582097254693509},\"angularVelocity\":185.8308563232422}","{\"key\":9,\"name\":\"beach_ball (10)\",\"position\":{\"x\":-3.445594310760498,\"y\":0.41597938537597659},\"rotation\":{\"x\":0.0,\"y\":0.0,\"z\":0.15314246714115144,\"w\":-0.9882041215896606},\"velocity\":{\"x\":-0.07850193977355957,\"y\":-0.10413127392530441},\"angularVelocity\":91.66493225097656}","{\"key\":9,\"name\":\"beach_ball (11)\",\"position\":{\"x\":-4.932731628417969,\"y\":0.07019510120153427},\"rotation\":{\"x\":0.0,\"y\":0.0,\"z\":0.1509423702955246,\"w\":0.9885425567626953},\"velocity\":{\"x\":0.3986290395259857,\"y\":0.14829017221927644},\"angularVelocity\":-13.577864646911621}","{\"key\":9,\"name\":\"beach_ball (12)\",\"position\":{\"x\":-3.9767239093780519,\"y\":-1.1715514659881592},\"rotation\":{\"x\":0.0,\"y\":0.0,\"z\":0.8052398562431336,\"w\":0.5929492115974426},\"velocity\":{\"x\":-0.025570541620254518,\"y\":0.22833022475242616},\"angularVelocity\":-56.19929885864258}","{\"key\":9,\"name\":\"beach_ball (13)\",\"position\":{\"x\":-5.110816478729248,\"y\":0.8186818361282349},\"rotation\":{\"x\":0.0,\"y\":0.0,\"z\":-0.17766264081001283,\"w\":0.9840914607048035},\"velocity\":{\"x\":-0.011938408948481083,\"y\":0.6756988167762756},\"angularVelocity\":9.168126106262207}","{\"key\":9,\"name\":\"beach_ball (14)\",\"position\":{\"x\":-2.834099769592285,\"y\":2.1002182960510256},\"rotation\":{\"x\":0.0,\"y\":0.0,\"z\":-0.8428493738174439,\"w\":-0.5381495952606201},\"velocity\":{\"x\":-0.17104202508926392,\"y\":0.00485383253544569},\"angularVelocity\":-17.37273406982422}","{\"key\":9,\"name\":\"beach_ball (15)\",\"position\":{\"x\":-2.515836715698242,\"y\":2.6825006008148195},\"rotation\":{\"x\":0.0,\"y\":0.0,\"z\":-0.9388303160667419,\"w\":0.34438005089759829},\"velocity\":{\"x\":-0.09938494861125946,\"y\":-5.870439689914519e-10},\"angularVelocity\":-21.568517684936525}","{\"key\":9,\"name\":\"beach_ball (16)\",\"position\":{\"x\":-4.683901309967041,\"y\":-2.3792648315429689},\"rotation\":{\"x\":0.0,\"y\":0.0,\"z\":-0.39966025948524477,\"w\":0.9166633486747742},\"velocity\":{\"x\":-0.31276848912239077,\"y\":0.1552373170852661},\"angularVelocity\":-109.92061614990235}","{\"key\":4,\"name\":\"Box (2)\",\"position\":{\"x\":-2.417609214782715,\"y\":-0.7966261506080627},\"rotation\":{\"x\":0.0,\"y\":0.0,\"z\":0.003281237790361047,\"w\":0.9999946355819702},\"velocity\":{\"x\":-0.00033138293656520545,\"y\":-0.00035017472691833973},\"angularVelocity\":0.04778102785348892}","{\"key\":4,\"name\":\"Box\",\"position\":{\"x\":3.509999990463257,\"y\":2.490000009536743},\"rotation\":{\"x\":0.0,\"y\":0.0,\"z\":0.0,\"w\":1.0},\"velocity\":{\"x\":0.0,\"y\":0.0},\"angularVelocity\":0.0}","{\"key\":4,\"name\":\"Box (1)\",\"position\":{\"x\":-3.1663191318511965,\"y\":-1.5151180028915406},\"rotation\":{\"x\":0.0,\"y\":0.0,\"z\":0.11759408563375473,\"w\":0.9930617213249207},\"velocity\":{\"x\":0.0045666079968214039,\"y\":-0.010012569837272168},\"angularVelocity\":0.9398408532142639}","{\"key\":5,\"name\":\"shuttle_wall_disassembled (Clone)\",\"position\":{\"x\":-3.7534658908843996,\"y\":-2.537106513977051},\"rotation\":{\"x\":0.0,\"y\":0.0,\"z\":-0.7513309717178345,\"w\":0.659925639629364},\"velocity\":{\"x\":0.10040038824081421,\"y\":-0.12420592457056046},\"angularVelocity\":4.604092121124268}","{\"key\":5,\"name\":\"shuttle_wall_disassembled (Clone)\",\"position\":{\"x\":-5.203300952911377,\"y\":1.7430896759033204},\"rotation\":{\"x\":0.0,\"y\":0.0,\"z\":0.9766712784767151,\"w\":0.21474014222621919},\"velocity\":{\"x\":-0.0005255049327388406,\"y\":-0.002233143663033843},\"angularVelocity\":-1.3709728717803956}","{\"key\":5,\"name\":\"shuttle_wall_disassembled (Clone)\",\"position\":{\"x\":-5.776132583618164,\"y\":0.5480004549026489},\"rotation\":{\"x\":0.0,\"y\":0.0,\"z\":0.7161492705345154,\"w\":0.6979471445083618},\"velocity\":{\"x\":0.005151597782969475,\"y\":-0.0002641143510118127},\"angularVelocity\":0.034592144191265109}","{\"key\":1,\"name\":\"Player\",\"position\":{\"x\":-4.650261402130127,\"y\":-0.7481306195259094},\"rotation\":{\"x\":0.0,\"y\":0.0,\"z\":0.0,\"w\":1.0},\"velocity\":{\"x\":-0.018891779705882074,\"y\":0.11354944109916687},\"angularVelocity\":0.0,\"health\":100}","{\"key\":10,\"name\":\"lighting_floodlight_on\",\"position\":{\"x\":-0.550000011920929,\"y\":2.5},\"rotation\":{\"x\":0.0,\"y\":0.0,\"z\":0.0,\"w\":1.0},\"velocity\":{\"x\":0.0,\"y\":0.0},\"angularVelocity\":0.0}","{\"key\":4,\"name\":\"Box (3)\",\"position\":{\"x\":-2.4569971561431886,\"y\":0.04560048133134842},\"rotation\":{\"x\":0.0,\"y\":0.0,\"z\":-0.011599431745707989,\"w\":0.9999327659606934},\"velocity\":{\"x\":0.0066142091527581219,\"y\":-0.0029570485930889847},\"angularVelocity\":1.2968014478683472}","{\"key\":10,\"name\":\"lighting_floodlight_on (1)\",\"position\":{\"x\":-5.642388343811035,\"y\":-1.632123351097107},\"rotation\":{\"x\":0.0,\"y\":0.0,\"z\":0.0,\"w\":1.0},\"velocity\":{\"x\":0.0,\"y\":0.0},\"angularVelocity\":0.0}","{\"key\":4,\"name\":\"Box (4)\",\"position\":{\"x\":0.39116573333740237,