{"jsonDates":["{\"key\":8,\"name\":\"shuttle_door_part_right(Clone)\",\"position\":{\"x\":0.19166608154773713,\"y\":1.66624915599823},\"rotation\":{\"x\":0.0,\"y\":0.0,\"z\":0.3658889830112457,\"w\":0.9306585192680359},\"velocity\":{\"x\":0.0,\"y\":0.0},\"angularVelocity\":0.0}","{\"key\":7,\"name\":\"shuttle_door_part_left(Clone)\",\"position\":{\"x\":-0.01274174451828003,\"y\":1.5252386331558228},\"rotation\":{\"x\":0.0,\"y\":0.0,\"z\":0.3424411416053772,\"w\":0.9395393133163452},\"velocity\":{\"x\":0.0,\"y\":0.0},\"angularVelocity\":0.0}","{\"key\":6,\"name\":\"shuttle_window_disassembled(Clone)\",\"position\":{\"x\":3.5,\"y\":1.5},\"rotation\":{\"x\":0.0,\"y\":0.0,\"z\":0.0,\"w\":1.0},\"velocity\":{\"x\":0.0,\"y\":0.0},\"angularVelocity\":0.0}","{\"key\":5,\"name\":\"shuttle_wall_disassembled (Clone)\",\"position\":{\"x\":3.231933355331421,\"y\":-0.6029453873634338},\"rotation\":{\"x\":0.0,\"y\":0.0,\"z\":0.9381747841835022,\"w\":0.34616193175315859},\"velocity\":{\"x\":0.0,\"y\":0.0},\"angularVelocity\":0.0}","{\"key\":3,\"name\":\"swarmer_dead(Clone)\",\"position\":{\"x\":4.581205368041992,\"y\":-0.7117879390716553},\"rotation\":{\"x\":0.0,\"y\":0.0,\"z\":-0.3740561604499817,\"w\":0.9274061322212219},\"velocity\":{\"x\":0.0,\"y\":0.0},\"angularVelocity\":0.0}","{\"key\":8,\"name\":\"shuttle_door_part_right(Clone)\",\"position\":{\"x\":4.274753093719482,\"y\":0.3265172243118286},\"rotation\":{\"x\":0.0,\"y\":0.0,\"z\":0.4566632807254791,\"w\":0.8896396160125732},\"velocity\":{\"x\":0.0,\"y\":0.0},\"angularVelocity\":0.0}","{\"key\":7,\"name\":\"shuttle_door_part_left(Clone)\",\"position\":{\"x\":0.7886094450950623,\"y\":-1.6687543392181397},\"rotation\":{\"x\":0.0,\"y\":0.0,\"z\":0.6964744925498962,\"w\":-0.717581570148468},\"velocity\":{\"x\":0.0,\"y\":0.0},\"angularVelocity\":0.0}","{\"key\":8,\"name\":\"shuttle_door_part_right(Clone)\",\"position\":{\"x\":3.3389663696289064,\"y\":-2.183846950531006},\"rotation\":{\"x\":0.0,\"y\":0.0,\"z\":-0.5513133406639099,\"w\":0.834298312664032},\"velocity\":{\"x\":0.0,\"y\":0.0},\"angularVelocity\":0.0}","{\"key\":7,\"name\":\"shuttle_door_part_left(Clone)\",\"position\":{\"x\":2.595689296722412,\"y\":-1.8045408725738526},\"rotation\":{\"x\":0.0,\"y\":0.0,\"z\":-0.49662402272224429,\"w\":0.867965817451477},\"velocity\":{\"x\":0.0,\"y\":0.0},\"angularVelocity\":0.0}","{\"key\":5,\"name\":\"shuttle_wall_disassembled (Clone)\",\"position\":{\"x\":2.438239574432373,\"y\":-2.5593321323394777},\"rotation\":{\"x\":0.0,\"y\":0.0,\"z\":-0.8309682607650757,\"w\":0.5563199520111084},\"velocity\":{\"x\":0.0,\"y\":0.0},\"angularVelocity\":0.0}","{\"key\":1,\"name\":\"Player\",\"position\":{\"x\":1.6039780378341675,\"y\":-0.22799821197986604},\"rotation\":{\"x\":0.0,\"y\":0.0,\"z\":0.0,\"w\":1.0},\"velocity\":{\"x\":0.32138678431510928,\"y\":-0.10599295794963837},\"angularVelocity\":0.0,\"health\":45}","{\"key\":9,\"name\":\"beach_ball\",\"position\":{\"x\":-3.950000047683716,\"y\":1.8899999856948853},\"rotation\":{\"x\":0.0,\"y\":0.0,\"z\":0.0,\"w\":1.0},\"velocity\":{\"x\":0.0,\"y\":0.0},\"angularVelocity\":0.0}","{\"key\":2,\"name\":\"swarmer\",\"position\":{\"x\":-5.269999980926514,\"y\":1.409999966621399},\"rotation\":{\"x\":0.0,\"y\":0.0,\"z\":0.0,\"w\":1.0},\"velocity\":{\"x\":0.0,\"y\":0.0},\"angularVelocity\":0.0,\"moveVector\":{\"x\":0.0,\"y\":0.0},\"health\":30}","{\"key\":10,\"name\":\"lighting_floodlight_on\",\"position\":{\"x\":-0.550000011920929,\"y\":2.5},\"rotation\":{\"x\":0.0,\"y\":0.0,\"z\":0.0,\"w\":1.0},\"velocity\":{\"x\":0.0,\"y\":0.0},\"angularVelocity\":0.0}","{\"key\":2,\"name\":\"swarmer (1)\",\"position\":{\"x\":-4.75,\"y\":2.3299999237060549},\"rotation\":{\"x\":0.0,\"y\":0.0,\"z\":0.0,\"w\":1.0},\"velocity\":{\"x\":0.0,\"y\":0.0},\"angularVelocity\":0.0,\"moveVector\":{\"x\":0.0,\"y\":0.0},\"health\":30}","{\"key\":2,\"name\":\"swarmer (3)\",\"position\":{\"x\":0.9653392434120178,\"y\":0.07886748760938645},\"rotation\":{\"x\":0.0,\"y\":0.0,\"z\":0.0,\"w\":1.0},\"velocity\":{\"x\":0.32137709856033327,\"y\":-0.10598764568567276},\"angularVelocity\":0.0,\"moveVector\":{\"x\":0.901347279548645,\"y\":-0.4330970048904419},\"health\":30}","{\"key\":4,\"name\":\"Box (3)\",\"position\":{\"x\":-2.490000009536743,\"y\":0.46000000834465029},\"rotation\":{\"x\":0.0,\"y\":0.0,\"z\":0.0,\"w\":1.0},\"velocity\":{\"x\":0.0,\"y\":0.0},\"angularVelocity\":0.0}","{\"key\":2,\"name\":\"swarmer (2)\",\"position\":{\"x\":1.2187035083770753,\"y\":-0.15418210625648499},\"rotation\":{\"x\":0.0,\"y\":0.0,\"z\":0.0,\"w\":1.0},\"velocity\":{\"x\":0.32137706875801089,\"y\":-0.10598763823509217},\"angularVelocity\":0.0,\"moveVector\":{\"x\":0.9821362495422363,\"y\":-0.18817095458507539},\"health\":30}","{\"key\":4,\"name\":\"Box (4)\",\"position\":{\"x\":0.20499205589294434,\"y\":-2.3569657802581789},\"rotation\":{\"x\":0.0,\"y\":0.0,\"z\":-0.04118964448571205,\"w\":0.999151349067688},\"velocity\":{\"x\":0.0,\"y\":0.0},\"angularVelocity\":0.0}","{\"key\":10,\"name\":\"lighting_floodlight_on (1)\",\"position\":{\"x\":-5.631304740905762,\"y\":-1.5926578044891358},\"rotation\":{\"x\":0.0,\"y\":0.0,\"z\":0.0,\"w\":1.0},\"velocity\":{\"x\":0.0,\"y\":0.0},\"angularVelocity\":0.0}","{\"key\":4,\"name\":\"Box (1)\",\"position\":{\"x\":-3.380000114440918,\"y\":0.07000000029802323},\"rotation\":{\"x\":0.0,\"y\":0.0,\"z\":0.0,\"w\":1.0},\"velocity\":{\"x\":0.0,\"y\":0.0},\"angularVelocity\":0.0}","{\"key\":4,\"name\":\"Box\",\"position\":{\"x\":3.509999990463257,\"y\":2.490000009536743},\"rotation\":{\"x\":0.0,\"y\":0.0,\"z\":0.0,\"w\":1.0},\"velocity\":{\"x\":0.0,\"y\":0.0},\"angularVelocity\":0.0}","{\"key\":10,\"name\":\"lighting_floodlight_on (2)\",\"position\":{\"x\":4.588303089141846,\"y\":2.498217821121216},\"rotation\":{\"x\":0.0,\"y\":0.0,\"z\":0.0,\"w\":1.0},\"velocity\":{\"x\":0.0,\"y\":0.0},\"angularVelocity\":0.0}","{\"key\":4,\"name\":\"Box (2)\",\"position\":{\"x\":-2.490000009536743,\"y\":-0.4399999976158142},\"rotation\":{\"x\":0.0,\"y\":0.0,\"z\":0.0,\"w\":1.0},\"velocity\":{\"x\":0.0,\"y\":0.0},\"angularVelocity\":0.0}"]}