{"jsonDates":["{\"key\":3,\"name\":\"swarmer_dead(Clone)\",\"position\":{\"x\":1.8862321376800538,\"y\":1.40260648727417},\"rotation\":{\"x\":0.0,\"y\":0.0,\"z\":0.0,\"w\":1.0},\"velocity\":{\"x\":0.0,\"y\":0.0},\"angularVelocity\":0.0}","{\"key\":3,\"name\":\"swarmer_dead(Clone)\",\"position\":{\"x\":1.7000000476837159,\"y\":1.7000000476837159},\"rotation\":{\"x\":0.0,\"y\":0.0,\"z\":0.0,\"w\":1.0},\"velocity\":{\"x\":0.0,\"y\":0.0},\"angularVelocity\":0.0}","{\"key\":1,\"name\":\"Player\",\"position\":{\"x\":0.29955118894577029,\"y\":2.614037036895752},\"rotation\":{\"x\":0.0,\"y\":0.0,\"z\":0.0,\"w\":1.0},\"velocity\":{\"x\":0.05662663280963898,\"y\":0.0048291040584445},\"angularVelocity\":0.0,\"health\":90}","{\"key\":9,\"name\":\"beach_ball\",\"position\":{\"x\":-2.799999952316284,\"y\":1.4500000476837159},\"rotation\":{\"x\":0.0,\"y\":0.0,\"z\":0.0,\"w\":1.0},\"velocity\":{\"x\":0.0,\"y\":0.0},\"angularVelocity\":0.0}","{\"key\":2,\"name\":\"swarmer\",\"position\":{\"x\":-9.709604263305664,\"y\":3.171539783477783},\"rotation\":{\"x\":0.0,\"y\":0.0,\"z\":0.0,\"w\":1.0},\"velocity\":{\"x\":0.0,\"y\":0.0},\"angularVelocity\":0.0,\"moveVector\":{\"x\":0.19339929521083833,\"y\":-0.9811201095581055},\"health\":30}","{\"key\":10,\"name\":\"lighting_floodlight_on\",\"position\":{\"x\":-7.710000038146973,\"y\":1.1699999570846558},\"rotation\":{\"x\":0.0,\"y\":0.0,\"z\":0.0,\"w\":1.0},\"velocity\":{\"x\":0.0,\"y\":0.0},\"angularVelocity\":0.0}","{\"key\":2,\"name\":\"swarmer (1)\",\"position\":{\"x\":-9.239999771118164,\"y\":5.369999885559082},\"rotation\":{\"x\":0.0,\"y\":0.0,\"z\":0.0,\"w\":1.0},\"velocity\":{\"x\":0.0,\"y\":0.0},\"angularVelocity\":0.0,\"moveVector\":{\"x\":0.0,\"y\":0.0},\"health\":30}","{\"key\":2,\"name\":\"swarmer (3)\",\"position\":{\"x\":-8.855940818786621,\"y\":3.176168918609619},\"rotation\":{\"x\":0.0,\"y\":0.0,\"z\":0.0,\"w\":1.0},\"velocity\":{\"x\":4.114136809008073e-11,\"y\":5.348951503947319e-9},\"angularVelocity\":0.0,\"moveVector\":{\"x\":-0.06890031695365906,\"y\":-0.9976235032081604},\"health\":30}","{\"key\":4,\"name\":\"Box (3)\",\"position\":{\"x\":-2.1088478565216066,\"y\":0.49391472339630129},\"rotation\":{\"x\":0.0,\"y\":0.0,\"z\":-0.04523269459605217,\"w\":0.9989765286445618},\"velocity\":{\"x\":0.0,\"y\":0.0},\"angularVelocity\":0.0}","{\"key\":2,\"name\":\"swarmer (2)\",\"position\":{\"x\":-7.920000076293945,\"y\":5.609999656677246},\"rotation\":{\"x\":0.0,\"y\":0.0,\"z\":0.0,\"w\":1.0},\"velocity\":{\"x\":0.0,\"y\":0.0},\"angularVelocity\":0.0,\"moveVector\":{\"x\":0.0,\"y\":0.0},\"health\":30}","{\"key\":4,\"name\":\"Box (4)\",\"position\":{\"x\":0.4309999942779541,\"y\":-1.437000036239624},\"rotation\":{\"x\":0.0,\"y\":0.0,\"z\":0.26868242025375368,\"w\":0.9632288217544556},\"velocity\":{\"x\":0.0,\"y\":0.0},\"angularVelocity\":0.0}","{\"key\":10,\"name\":\"lighting_floodlight_on (4)\",\"position\":{\"x\":6.46999979019165,\"y\":-7.579999923706055},\"rotation\":{\"x\":0.0,\"y\":0.0,\"z\":0.0,\"w\":1.0},\"velocity\":{\"x\":0.0,\"y\":0.0},\"angularVelocity\":0.0}","{\"key\":10,\"name\":\"lighting_floodlight_on (3)\",\"position\":{\"x\":-14.649999618530274,\"y\":-2.4800000190734865},\"rotation\":{\"x\":0.0,\"y\":0.0,\"z\":0.0,\"w\":1.0},\"velocity\":{\"x\":0.0,\"y\":0.0},\"angularVelocity\":0.0}","{\"key\":10,\"name\":\"lighting_floodlight_on (1)\",\"position\":{\"x\":-14.649999618530274,\"y\":3.369999885559082},\"rotation\":{\"x\":0.0,\"y\":0.0,\"z\":0.0,\"w\":1.0},\"velocity\":{\"x\":0.0,\"y\":0.0},\"angularVelocity\":0.0}","{\"key\":2,\"name\":\"swarmer (9)\",\"position\":{\"x\":5.650000095367432,\"y\":-8.460000038146973},\"rotation\":{\"x\":0.0,\"y\":0.0,\"z\":0.0,\"w\":1.0},\"velocity\":{\"x\":0.0,\"y\":0.0},\"angularVelocity\":0.0,\"moveVector\":{\"x\":0.0,\"y\":0.0},\"health\":30}","{\"key\":10,\"name\":\"lighting_floodlight_on (5)\",\"position\":{\"x\":6.409999847412109,\"y\":7.590000152587891},\"rotation\":{\"x\":0.0,\"y\":0.0,\"z\":0.0,\"w\":1.0},\"velocity\":{\"x\":0.0,\"y\":0.0},\"angularVelocity\":0.0}","{\"key\":4,\"name\":\"Box (1)\",\"position\":{\"x\":-3.0027151107788088,\"y\":0.21846170723438264},\"rotation\":{\"x\":0.0,\"y\":0.0,\"z\":-0.10870829969644547,\"w\":0.994073748588562},\"velocity\":{\"x\":0.0,\"y\":0.0},\"angularVelocity\":0.0}","{\"key\":4,\"name\":\"Box\",\"position\":{\"x\":3.509999990463257,\"y\":2.490000009536743},\"rotation\":{\"x\":0.0,\"y\":0.0,\"z\":0.0,\"w\":1.0},\"velocity\":{\"x\":0.0,\"y\":0.0},\"angularVelocity\":0.0}","{\"key\":10,\"name\":\"lighting_floodlight_on (2)\",\"position\":{\"x\":-4.389999866485596,\"y\":5.320000171661377},\"rotation\":{\"x\":0.0,\"y\":0.0,\"z\":0.0,\"w\":1.0},\"velocity\":{\"x\":0.0,\"y\":0.0},\"angularVelocity\":0.0}","{\"key\":2,\"name\":\"swarmer (4)\",\"position\":{\"x\":3.069999933242798,\"y\":9.390000343322754},\"rotation\":{\"x\":0.0,\"y\":0.0,\"z\":0.0,\"w\":1.0},\"velocity\":{\"x\":0.0,\"y\":0.0},\"angularVelocity\":0.0,\"moveVector\":{\"x\":0.0,\"y\":0.0},\"health\":30}","{\"key\":2,\"name\":\"swarmer (7)\",\"position\":{\"x\":-4.909999847412109,\"y\":-5.489999771118164},\"rotation\":{\"x\":0.0,\"y\":0.0,\"z\":0.0,\"w\":1.0},\"velocity\":{\"x\":0.0,\"y\":0.0},\"angularVelocity\":0.0,\"moveVector\":{\"x\":0.0,\"y\":0.0},\"health\":30}","{\"key\":2,\"name\":\"swarmer (8)\",\"position\":{\"x\":-3.4700000286102297,\"y\":-6.150000095367432},\"rotation\":{\"x\":0.0,\"y\":0.0,\"z\":0.0,\"w\":1.0},\"velocity\":{\"x\":0.0,\"y\":0.0},\"angularVelocity\":0.0,\"moveVector\":{\"x\":0.0,\"y\":0.0},\"health\":30}","{\"key\":2,\"name\":\"swarmer (5)\",\"position\":{\"x\":0.5199999809265137,\"y\":9.220000267028809},\"rotation\":{\"x\":0.0,\"y\":0.0,\"z\":0.0,\"w\":1.0},\"velocity\":{\"x\":0.0,\"y\":0.0},\"angularVelocity\":0.0,\"moveVector\":{\"x\":0.0,\"y\":0.0},\"health\":30}","{\"key\":2,\"name\":\"swarmer (6)\",\"position\":{\"x\":2.3299999237060549,\"y\":7.739999771118164},\"rotation\":{\"x\":0.0,\"y\":0.0,\"z\":0.0,\"w\":1.0},\"velocity\":{\"x\":0.0,\"y\":0.0},\"angularVelocity\":0.0,\"moveVector\":{\"x\":0.0,\"y\":0.0},\"health\":30}","{\"key\":4,\"name\":\"Box (2)\",\"position\":{\"x\":-2.305938482284546,\"y\":-0.4394708573818207},\"rotation\":{\"x\":0.0,\"y\":0.0,\"z\":-0.10568977147340775,\"w\":0.9943991899490356},\"velocity\":{\"x\":0.0,\"y\":0.0},\"angularVelocity\":0.0}"]}