{"jsonDates":["{\"key\":1,\"name\":\"Player\",\"position\":{\"x\":0.3123246729373932,\"y\":0.7679522037506104},\"rotation\":{\"x\":0.0,\"y\":0.0,\"z\":0.0,\"w\":1.0},\"velocity\":{\"x\":2.377794027328491,\"y\":2.9369804859161379},\"angularVelocity\":0.0,\"health\":90}","{\"key\":9,\"name\":\"beach_ball\",\"position\":{\"x\":-3.950000047683716,\"y\":1.8899999856948853},\"rotation\":{\"x\":0.0,\"y\":0.0,\"z\":0.0,\"w\":1.0},\"velocity\":{\"x\":0.0,\"y\":0.0},\"angularVelocity\":0.0}","{\"key\":2,\"name\":\"swarmer\",\"position\":{\"x\":-5.269999980926514,\"y\":1.409999966621399},\"rotation\":{\"x\":0.0,\"y\":0.0,\"z\":0.0,\"w\":1.0},\"velocity\":{\"x\":0.0,\"y\":0.0},\"angularVelocity\":0.0,\"moveVector\":{\"x\":0.0,\"y\":0.0},\"health\":30}","{\"key\":10,\"name\":\"lighting_floodlight_on\",\"position\":{\"x\":-0.8350001573562622,\"y\":2.535142183303833},\"rotation\":{\"x\":0.0,\"y\":0.0,\"z\":0.0,\"w\":1.0},\"velocity\":{\"x\":0.0,\"y\":0.0},\"angularVelocity\":0.0}","{\"key\":2,\"name\":\"swarmer (1)\",\"position\":{\"x\":-4.75,\"y\":2.3299999237060549},\"rotation\":{\"x\":0.0,\"y\":0.0,\"z\":0.0,\"w\":1.0},\"velocity\":{\"x\":0.0,\"y\":0.0},\"angularVelocity\":0.0,\"moveVector\":{\"x\":0.0,\"y\":0.0},\"health\":30}","{\"key\":2,\"name\":\"swarmer (3)\",\"position\":{\"x\":-2.2058353424072267,\"y\":0.8020826578140259},\"rotation\":{\"x\":0.0,\"y\":0.0,\"z\":0.0,\"w\":1.0},\"velocity\":{\"x\":3.007316617953393e-14,\"y\":2.290887340938852e-10},\"angularVelocity\":0.0,\"moveVector\":{\"x\":0.9999081492424011,\"y\":-0.01355248223990202},\"health\":30}","{\"key\":4,\"name\":\"Box (3)\",\"position\":{\"x\":-2.5191879272460939,\"y\":0.24503347277641297},\"rotation\":{\"x\":0.0,\"y\":0.0,\"z\":-0.038002513349056247,\"w\":0.999277651309967},\"velocity\":{\"x\":-0.0027960820589214565,\"y\":-0.025260573253035547},\"angularVelocity\":-0.39327260851860049}","{\"key\":2,\"name\":\"swarmer (2)\",\"position\":{\"x\":-2.2057244777679445,\"y\":1.160611867904663},\"rotation\":{\"x\":0.0,\"y\":0.0,\"z\":0.0,\"w\":1.0},\"velocity\":{\"x\":-3.007316617953393e-14,\"y\":-2.290887340938852e-10},\"angularVelocity\":0.0,\"moveVector\":{\"x\":0.9880589842796326,\"y\":-0.1540759801864624},\"health\":30}","{\"key\":4,\"name\":\"Box (4)\",\"position\":{\"x\":0.4309999942779541,\"y\":-1.437000036239624},\"rotation\":{\"x\":0.0,\"y\":0.0,\"z\":0.26868242025375368,\"w\":0.9632288217544556},\"velocity\":{\"x\":0.0,\"y\":0.0},\"angularVelocity\":0.0}","{\"key\":10,\"name\":\"lighting_floodlight_on (1)\",\"position\":{\"x\":-5.631304740905762,\"y\":-1.5926578044891358},\"rotation\":{\"x\":0.0,\"y\":0.0,\"z\":0.0,\"w\":1.0},\"velocity\":{\"x\":0.0,\"y\":0.0},\"angularVelocity\":0.0}","{\"key\":4,\"name\":\"Box (1)\",\"position\":{\"x\":-3.380000114440918,\"y\":0.07000000029802323},\"rotation\":{\"x\":0.0,\"y\":0.0,\"z\":0.0,\"w\":1.0},\"velocity\":{\"x\":0.0,\"y\":0.0},\"angularVelocity\":0.0}","{\"key\":4,\"name\":\"Box\",\"position\":{\"x\":3.509999990463257,\"y\":2.490000009536743},\"rotation\":{\"x\":0.0,\"y\":0.0,\"z\":0.0,\"w\":1.0},\"velocity\":{\"x\":0.0,\"y\":0.0},\"angularVelocity\":0.0}","{\"key\":10,\"name\":\"lighting_floodlight_on (2)\",\"position\":{\"x\":4.588303089141846,\"y\":2.498217821121216},\"rotation\":{\"x\":0.0,\"y\":0.0,\"z\":0.0,\"w\":1.0},\"velocity\":{\"x\":0.0,\"y\":0.0},\"angularVelocity\":0.0}","{\"key\":2,\"name\":\"swarmer (4)\",\"position\":{\"x\":4.460000038146973,\"y\":-1.4900000095367432},\"rotation\":{\"x\":0.0,\"y\":0.0,\"z\":0.0,\"w\":1.0},\"velocity\":{\"x\":0.0,\"y\":0.0},\"angularVelocity\":0.0,\"moveVector\":{\"x\":0.0,\"y\":0.0},\"health\":30}","{\"key\":4,\"name\":\"Box (2)\",\"position\":{\"x\":-2.5353429317474367,\"y\":-0.5739076137542725},\"rotation\":{\"x\":0.0,\"y\":0.0,\"z\":-0.03838280588388443,\"w\":0.9992631673812866},\"velocity\":{\"x\":-0.008388719521462918,\"y\":-0.025162238627672197},\"angularVelocity\":-0.39327260851860049}"]}